<?xml version="1.0" ?>
<md:item md:type="object" xmlns:md="ogx.frames.metadata">
  <md:item md:name="id" md:type="string">{0000000000000004}</md:item>
  <md:item md:name="type_id" md:type="string">{10849b47-2b16-4ef2-8639-c4b0c6fe8e68}</md:item>
  <md:item md:name="root" md:type="object">
    <md:item md:name="id" md:type="string">{0000000000000004}</md:item>
    <md:item md:name="label" md:type="object">
      <md:item md:name="flags" md:type="int">0</md:item>
      <md:item md:name="name" md:type="string">merged_subsumpled_100</md:item>
      <md:item md:name="element_id" md:type="string">element_1.xml</md:item>
      <md:item md:name="transformation" md:type="string">1.000000000000000;0.000000000000000;0.000000000000000;0.000000000000000;0.000000000000000;1.000000000000000;0.000000000000000;0.000000000000000;0.000000000000000;0.000000000000000;1.000000000000000;0.000000000000000;0.000000000000000;0.000000000000000;0.000000000000000;1.000000000000000</md:item>
      <md:item md:name="view_properties" md:type="object"/>
      <md:item md:name="user_metadata" md:type="object">
        <md:item md:name="path" md:type="string">C:/priv/PW/clouds_stuff/export/merged_subsumpled_100.e57</md:item>
      </md:item>
    </md:item>
  </md:item>
  <md:item md:name="nodes" md:type="array"/>
</md:item>
