<?xml version="1.0" ?>
<md:item md:type="object" xmlns:md="ogx.frames.metadata">
  <md:item md:name="element" md:type="object">
    <md:item md:name="name" md:type="string">merged_subsumpled_100</md:item>
    <md:item md:name="type" md:type="string">{78b4ca88-3e63-494b-93b9-c1e3c16dd283}</md:item>
    <md:item md:name="metadata" md:type="object">
      <md:item md:name="md5" md:type="object">
        <md:item md:name="xyz" md:type="string">77f0666588ea752f9c809b7ac1ed9886</md:item>
        <md:item md:name="normal" md:type="string">652f29af580e18880e67b056354e96ce</md:item>
        <md:item md:name="identifier" md:type="string">b23d44e1-8f78-4c56-84a7-255466947459</md:item>
        <md:item md:name="color" md:type="string">c99b5e525b3f06a6e64f2e0bfe6b2901</md:item>
        <md:item md:name="state" md:type="string">39c719dfa19fd9959dbbb8fc3f08bf16</md:item>
        <md:item md:name="image" md:type="string">9fa2bce2347a79bc40e2cc1bcde8a675</md:item>
      </md:item>
    </md:item>
  </md:item>
</md:item>
